Operations O&M Charging Guidelines,,,,,,,,,,,,
WIND SITES and CENTRAL SERVICES WIND SITE SUPPORT,,,,,,,,,,,,
Description,Account,Resource Type,"Process ID
*INFORMATIONAL ONLY",Additional Guidance,Account #,Account Name,"Project Code
XXXX = Site Location Code",Category,Sub Category,Account Group,,
Preventative Maintenance,,,,,,,,,,,,
Labor - Site (Deriva FTE's),0920000,11000,OPSLAB,Site Technicians ,512101,Salaries and Wages - Regular Hours - Salaried,XXXX25G006, Turbine O&M ,Preventative Maintenance,Salary & Wages,,
,,,AGLAB,Site ARRC's,512101,Salaries and Wages - Regular Hours - Salaried,XXXX25G002, Turbine O&M ,Preventative Maintenance,Salary & Wages,,
,,,SALARY,"Site Area Managers, Planner/Schedulers, Supervisors",512101,Salaries and Wages - Regular Hours - Salaried,XXXX25G002, Turbine O&M ,Preventative Maintenance,Salary & Wages,,
Staff Aug/ Contingent workers - Site,0500000,69000,CONTLAB,"Technician/SRC contingent worker labor for individuals under the direct supervision of a Deriva Manager/Supervisor (included on Duke org chart); i.e. Spencer Ogden, ERSG, Staffing Specialist",515220,Consultant - Staff Augmentation,XXXX25G006, Turbine O&M ,Preventative Maintenance,Consultant fees,,
3rd Party Maintenance Support,0500000,69100,CONTLAB,"Technician labor for technicians NOT under the direct supervision of a Deriva Manager/Supervisor; i.e. Uptower Inc., support from the OEM, etc. ",515219,Consultant - 3rd Party Maintenance Support ,XXXX25G006, Turbine O&M ,Preventative Maintenance,Consultant fees,,
Scheduled Maintenance or General Site Support from Central Services Teams,0553000,30000,TURBMTC,"Parts, materials, and consumables for all scheduled maintenance (including semi-annual, annual, 2-year, 5-year, etc.); includes cleaners, rags, grease, filters, top-off oil, antifreeze, oil samples for gearbox, hydraulic oil, grease samples for main bearings",514151,Supplies Consumable Maintenance,XXXX25G006, Turbine O&M ,Preventative Maintenance,Equipment Maintenance,,
,,,,Labor - MST Support (Deriva FTE),512101,Salaries and Wages - Regular Hours - Salaried,XXXX25G006, Turbine O&M ,Preventative Maintenance,Salary & Wages,,
,,,,Travel - use applicable travel account to correspond with cost,517100,Transportation - Other,XXXX25G006, Turbine O&M ,Preventative Maintenance,Travel,,
,,,,Per Diem,517112,Per Diem Allowance Travel Meals,XXXX25G006, Turbine O&M ,Preventative Maintenance,Meals & entertainment,,
,,,,Staff Aug/ Contingent workers (Labor),515220,Consultant - Staff Augmentation,XXXX25G006, Turbine O&M ,Preventative Maintenance,Consultant fees,,
,,,,Vehicle Fuel,514501,Vehicle Fuel / Gas,XXXX25G006, Turbine O&M ,Preventative Maintenance,Motor vehicles,,
Other consumable Items & inventoried parts as used (not covered during scheduled maint),0510000,30000,MTCSUPP,"Hardware, o-rings, Rewitec, etc.; considered consumable in the tower; expensed when purchased; general stocking (warehouse small parts, nuts, bolts)
* If the consumable box is NOT checked in Maximo, use the coding guidance in the Inventory Items row below",514151,Supplies Consumable Maintenance,XXXX25G006, Turbine O&M ,Preventative Maintenance,Supplies,,
Refurbished Parts,,,,Refurbished Parts,514159,Supplies Consumable Maintenance - Refurbished Parts,XXXX25G006, Turbine O&M ,Preventative Maintenance,Supplies,,
Airgas (Bulk Gases),,,GASEXP,"Airgas, SF6 for breakers, nitrogen for accumulators  ",514100,Maintenance Material Other,XXXX25G006, Turbine O&M ,Preventative Maintenance,Equipment Maintenance,,
General Expenses & Other,,,GENEXP,"Recycling (cardboard, plastic); safety meetings, meals, recognitions, & awards; gifts for site tours & job fairs, REC transfer fees (WREGIS), storage fees, Connex storage, lubrication upgrade costs (filter carts, labels, jugs), meters",514100,Maintenance Material Other,XXXX25G006, Turbine O&M ,Preventative Maintenance,Equipment Maintenance,,
Safety PPE,,,SAFEEXP,"Hard hats, safety glasses, boots, harnesses, first aid kits, rescue dummy, lanyards, TSL kits, uniform/clothing replacements & new hires, fire extinguisher cert/service, fire suppression system inspections/service, fire alarms",514154,Supplies Safety Gear,XXXX25G006, Turbine O&M ,Preventative Maintenance,Supplies,,
Tooling,,,TOOLPUR,"Tooling (ERAD's, tension pumps, DRA tooling, etc.); calibrations  - *** tooling related to a specific job should be coded to the applicable project code",514153,Supplies Tools,XXXX25G006, Turbine O&M ,Preventative Maintenance,Supplies,,
Training (including Safety Training),0930940,30000,TRNGSEM,"Danish Wind Academy, HV substation training, On-Boarding/DRA training + materials, other training fees",517501,Employee Training,XXXX25G006, Turbine O&M ,Preventative Maintenance,Employee Related Expenses,,
Site Vehicles,0921200,50000,VEHLSE,Vehicle Fuel / Gas,514501,Vehicle Fuel / Gas,XXXX25G006, Turbine O&M ,Preventative Maintenance,Motor vehicles,,
,,,,Vehicle Rental,517105,Transportation - Auto Rental and Rental Car Fuel,XXXX25G006, Turbine O&M ,Preventative Maintenance,Travel,,
,,,,Vehicle Maintenace and Repairs,514502,Vehicle Maintenace and Repairs,XXXX25G006, Turbine O&M ,Preventative Maintenance,Motor vehicles,,
Freight/Shipping,0500000,33001,FREIGHT,UPS & other freight handling charges,514130,Maintenance Material Freight Out Courier/Trucking,XXXX25G006, Turbine O&M ,Preventative Maintenance,Equipment Maintenance,,
Personal Mobile Device,0401100,40007,EMPEXP,Personal Mobile Devices for Site Staff,513105,Telecom - Cellular Service,XXXX25G006, Turbine O&M ,Preventative Maintenance,Communications (IT & Telecoms),,
Travel & Expenses,0921100,40000,TRVLEXP,Travel for Site Staff- use applicable travel account to correspond with cost,517100,Transportation - Other,XXXX25G006, Turbine O&M ,Preventative Maintenance,Travel,,
,,,,Per Diem,517112,Per Diem Allowance Travel Meals,XXXX25G006, Turbine O&M ,Preventative Maintenance,Meals & entertainment,,
Bonus,0920000,15001,BONUSEX,Sign on/recruiting bonus for OEM techs,512401,Bonus - Salaried,XXXX25G006, Turbine O&M ,Preventative Maintenance,Compensation - Bonus,,
Relocation,0921200,44000,RELOC,Relocation/Moving Expenses (when applicable for site technicians),512334,Hiring Costs / Moving Expenses / Relocation Costs - Salaried,XXXX25G006, Turbine O&M ,Preventative Maintenance,Benefits,,
Mobile Oil Exchanges,,30000,OILEXP,"Parts, materials, supplies",514104,Maintenance Material Gear/Hydraulic Oil,XXXX25G006, Turbine O&M ,Preventative Maintenance,Equipment Maintenance,,
,,,,3rd Party Services,515109,Outside Services Equipment Maintenance,XXXX25G006, Turbine O&M ,Preventative Maintenance,Outside Services,,
,,,,Labor (Deriva FTE),512101,Salaries and Wages - Regular Hours - Salaried,XXXX25G006, Turbine O&M ,Preventative Maintenance,Salary & Wages,,
,,,,Travel - use applicable travel account to correspond with cost,517100,Transportation - Other,XXXX25G006, Turbine O&M ,Preventative Maintenance,Travel,,
,,,,Per Diem,517112,Per Diem Allowance Travel Meals,XXXX25G006, Turbine O&M ,Preventative Maintenance,Meals & entertainment,,
,,,,Staff Aug/ Contingent workers (Labor),515220,Consultant - Staff Augmentation,XXXX25G006, Turbine O&M ,Preventative Maintenance,Consultant fees,,
,,,,Vehicle Rental,517105,Transportation - Auto Rental and Rental Car Fuel,XXXX25G006, Turbine O&M ,Preventative Maintenance,Travel,,
,,,,Vehicle Fuel,514501,Vehicle Fuel / Gas,XXXX25G006, Turbine O&M ,Preventative Maintenance,Motor vehicles,,
LTSA,,,,,,,,,,,,
LTSA - O&M Fixed and Variable Fee,0165400,69400,BLTSA,"Fixed Fee OEM Warranty Maint Svc Agreement (turnkey); includes limited damages and CPI increase (Frontier II, Ledyard, North Allegheny only)","113200 - Prepaid for invoices paying in advance
515140 - Accounting books expense to monthly",Operation and maintenance - fixed fee,XXXX25G004, Turbine O&M ,LTSA,O&M Fixed Fee,,
LTSA - O&M Contract - Bonus,0232892,69500,BLTSABN,O&M contract; production-based incentive and profit sharing for performance over a set number in O&M contract (Frontier),"113200 - Prepaid for invoices paying in advance
514411 - Accounting records expense to monthly",O&M - Availability Bonus,XXXX25G004, Turbine O&M ,LTSA,Equipment Maintenance,,
Blade Corrective,,,,,,,,,,,,
Blade Inspections,,69400,BLADEIN,"Blade Inspections  - Contractor Support
*Managed and arranged by the site - use site dept
*Managed and arranged by the Blade Team - use dept 8133",515109,Outside Services Equipment Maintenance,XXXX25G003,Turbine O&M,Blade Preventative,Outside Services,,
,,,,"Consumables, Materials and Supplies",514404,R&M Blades,XXXX25G003,Turbine O&M,Blade Preventative,Equipment Maintenance,,
,,,,Labor (Deriva FTE),512101,Salaries and Wages - Regular Hours - Salaried,XXXX25G003,Turbine O&M,Blade Preventative,Salary & Wages,,
,,,,Travel - use applicable travel account to correspond with cost,517100,Transportation - Other,XXXX25G003,Turbine O&M,Blade Preventative,Travel,,
,,,,Per Diem,517112,Per Diem Allowance Travel Meals,XXXX25G003,Turbine O&M,Blade Preventative,Meals & entertainment,,
,,,,Staff Aug/ Contingent workers (Labor),515220,Consultant - Staff Augmentation,XXXX25G003,Turbine O&M,Blade Preventative,Consultant fees,,
,,,,Vehicle Rental,517105,Transportation - Auto Rental and Rental Car Fuel,XXXX25G003,Turbine O&M,Blade Preventative,Travel,,
,,,,Vehicle Fuel,514501,Vehicle Fuel / Gas,XXXX25G003,Turbine O&M,Blade Preventative,Motor vehicles,,
End of Contract Inspections,,,,,,,,,,,,
End of Contract Inspections,,69400,EOWINSP,3rd Party Services,515109,Outside Services Equipment Maintenance,XXXX25E001, Turbine O&M ,End of Contract Inspections,Outside Services,,
,,,,Labor (Deriva FTE),512101,Salaries and Wages - Regular Hours - Salaried,XXXX25E001, Turbine O&M ,End of Contract Inspections,Salary & Wages,,
,,,,Travel - use applicable travel account to correspond with cost,517100,Transportation - Other,XXXX25E001, Turbine O&M ,End of Contract Inspections,Travel,,
,,,,Per Diem,517112,Per Diem Allowance Travel Meals,XXXX25E001, Turbine O&M ,End of Contract Inspections,Meals & entertainment,,
,,,,Staff Aug/ Contingent workers (Labor),515220,Consultant - Staff Augmentation,XXXX25E001, Turbine O&M ,End of Contract Inspections,Consultant fees,,
,,,,Vehicle Rental,517105,Transportation - Auto Rental and Rental Car Fuel,XXXX25E001, Turbine O&M ,End of Contract Inspections,Travel,,
,,,,Vehicle Fuel,514501,Vehicle Fuel / Gas,XXXX25E001, Turbine O&M ,End of Contract Inspections,Motor vehicles,,
Minor Corrective,,,,,,,,,,,,
Labor - Site (Deriva FTE's),,,OPSLAB,Site Technicians ,512101,Salaries and Wages - Regular Hours - Salaried,XXXX25G005, Turbine O&M ,Minor Corrective,Salary & Wages,,
Staff Aug/ Contingent workers - Site,,,CONTLAB,"Technician/SRC contingent worker labor for individuals under the direct supervision of a Deriva Manager/Supervisor (included on Duke org chart); i.e. Spencer Ogden, ERSG, Staffing Specialist",515220,Consultant - Staff Augmentation,XXXX25G005, Turbine O&M ,Minor Corrective,Consultant fees,,
OEM Tech Support,,,,Tech support from the OEM (Original Equipment Manufacturer),515200,Consultant Other,XXXX25G005, Turbine O&M ,Minor Corrective,Consultant fees,,
3rd Party Maintenance Support,0500000,69100,CONTLAB,Technician labor for technicians NOT under the direct supervision of a Deriva Manager/Supervisor; i.e. Uptower Inc.,515219,Consultant - 3rd Party Maintenance Support ,XXXX25G006, Turbine O&M ,Minor Corrective,Consultant fees,,
Specialized Jobs,0500000,69400,CONTLAB,"Specialized jobs or non-routine work (i.e. tower cleaning, yaw ring replacement, outsourcing labor for lubrication excellence upgrade to build/upgrade the room, oil cleanup performed by external resources, base bolt tensioning)",515100,Outside Services Other,XXXX25G005, Turbine O&M ,Minor Corrective,Outside Services,,
Major Corrective,,,,,,,,,,,,
Gearbox failure & repair,0510000,30000,GEARBOX,"Materials and components for complete exchanges (includes gearbox kits); including sales tax; storage fees 
*coding only used when item is issued out of inventory **see Inventory Items row for inventory coding/guidance",514408,R&M Gearbox,XXXX25M001,Turbine O&M,Major Corrective: Gearbox,Equipment Maintenance,,
,,69400,,"Repair of component, D&I reports, external contract labor and turnkey services",515109,Outside Services Equipment Maintenance,XXXX25M001,Turbine O&M,Major Corrective: Gearbox,Outside Services,,
,,,,"3rd party engineering services (post-development arc flash testing, proposal reviews), large component RCA costs, inspections & reports (root cause analysis, bed crack)",515114,Outside Services Corps of Engineers,XXXX25M001,Turbine O&M,Major Corrective: Gearbox,Outside Services,,
,,,,Refurbished Parts,514413,Repairs & Maintenance - Refurbished Parts,XXXX25M001,Turbine O&M,Major Corrective: Gearbox,Equipment Maintenance,,
,,,,Crane and crane pads,514403,Maintenance equipment Rental CRANE,XXXX25M001,Turbine O&M,Major Corrective: Gearbox,Equipment Maintenance,,
,,33001,,Freight,514130,Maintenance Material Freight Out Courier/Trucking,XXXX25M001,Turbine O&M,Major Corrective: Gearbox,Equipment Maintenance,,
,,,,Labor (Deriva FTE),512101,Salaries and Wages - Regular Hours - Salaried,XXXX25M001,Turbine O&M,Major Corrective: Gearbox,Salary & Wages,,
,,,,Travel - use applicable travel account to correspond with cost,517100,Transportation - Other,XXXX25M001,Turbine O&M,Major Corrective: Gearbox,Travel,,
,,,,Per Diem,517112,Per Diem Allowance Travel Meals,XXXX25M001,Turbine O&M,Major Corrective: Gearbox,Meals & entertainment,,
,,,,Staff Aug/ Contingent workers (Labor),515220,Consultant - Staff Augmentation,XXXX25M001,Turbine O&M,Major Corrective: Gearbox,Consultant fees,,
,,,,Vehicle Rental,517105,Transportation - Auto Rental and Rental Car Fuel,XXXX25M001,Turbine O&M,Major Corrective: Gearbox,Travel,,
,,,,Vehicle Fuel,514501,Vehicle Fuel / Gas,XXXX25M001,Turbine O&M,Major Corrective: Gearbox,Motor vehicles,,
Generator failure & repair,,30000,GENERAT,"Materials and components for complete exchanges; including sales tax; storage fees
*coding only used when item is issued out of inventory **see Inventory Items row for inventory coding/guidance",514406,R&M Generator,XXXX25M002,Turbine O&M,Major Corrective: Generator,Equipment Maintenance,,
,,69400,,"Repair of component, D&I reports, external contract labor and turnkey services",515109,Outside Services Equipment Maintenance,XXXX25M002,Turbine O&M,Major Corrective: Generator,Outside Services,,
,,,,"3rd party engineering services (post-development arc flash testing, proposal reviews), large component RCA costs, inspections & reports (root cause analysis, bed crack)",515114,Outside Services Corps of Engineers,XXXX25M002,Turbine O&M,Major Corrective: Generator,Outside Services,,
,,,,Refurbished Parts,514413,Repairs & Maintenance - Refurbished Parts,XXXX25M002,Turbine O&M,Major Corrective: Generator,Equipment Maintenance,,
,,,,Crane and crane pads,514403,Maintenance equipment Rental CRANE,XXXX25M002,Turbine O&M,Major Corrective: Generator,Equipment Maintenance,,
,,33001,,Freight,514130,Maintenance Material Freight Out Courier/Trucking,XXXX25M002,Turbine O&M,Major Corrective: Generator,Equipment Maintenance,,
,,,,Labor (Deriva FTE),512101,Salaries and Wages - Regular Hours - Salaried,XXXX25M002,Turbine O&M,Major Corrective: Generator,Salary & Wages,,
,,,,Travel - use applicable travel account to correspond with cost,517100,Transportation - Other,XXXX25M002,Turbine O&M,Major Corrective: Generator,Travel,,
,,,,Per Diem,517112,Per Diem Allowance Travel Meals,XXXX25M002,Turbine O&M,Major Corrective: Generator,Meals & entertainment,,
,,,,Staff Aug/ Contingent workers (Labor),515220,Consultant - Staff Augmentation,XXXX25M002,Turbine O&M,Major Corrective: Generator,Consultant fees,,
,,,,Vehicle Rental,517105,Transportation - Auto Rental and Rental Car Fuel,XXXX25M002,Turbine O&M,Major Corrective: Generator,Travel,,
,,,,Vehicle Fuel,514501,Vehicle Fuel / Gas,XXXX25M002,Turbine O&M,Major Corrective: Generator,Motor vehicles,,
Main bearing/shaft failure & repair,,30000,MAINBEA,"Materials and components for complete exchanges; including sales tax; storage fees
*coding only used when item is issued out of inventory **see Inventory Items row for inventory coding/guidance",514408,R&M Gearbox,XXXX25M003,Turbine O&M,Major Corrective: Main bearing,Equipment Maintenance,,
,,69400,,"Repair of component, D&I reports, external contract labor and turnkey services",515109,Outside Services Equipment Maintenance,XXXX25M003,Turbine O&M,Major Corrective: Main bearing,Outside Services,,
,,,,"3rd party engineering services (post-development arc flash testing, proposal reviews), large component RCA costs, inspections & reports (root cause analysis, bed crack)",515114,Outside Services Corps of Engineers,XXXX25M003,Turbine O&M,Major Corrective: Main bearing,Outside Services,,
,,,,Refurbished Parts,514413,Repairs & Maintenance - Refurbished Parts,XXXX25M003,Turbine O&M,Major Corrective: Main bearing,Equipment Maintenance,,
,,,,Crane and crane pads,514403,Maintenance equipment Rental CRANE,XXXX25M003,Turbine O&M,Major Corrective: Main bearing,Equipment Maintenance,,
,,33001,,Freight,514130,Maintenance Material Freight Out Courier/Trucking,XXXX25M003,Turbine O&M,Major Corrective: Main bearing,Equipment Maintenance,,
,,,,Labor (Deriva FTE),512101,Salaries and Wages - Regular Hours - Salaried,XXXX25M003,Turbine O&M,Major Corrective: Main bearing,Salary & Wages,,
,,,,Travel - use applicable travel account to correspond with cost,517100,Transportation - Other,XXXX25M003,Turbine O&M,Major Corrective: Main bearing,Travel,,
,,,,Per Diem,517112,Per Diem Allowance Travel Meals,XXXX25M003,Turbine O&M,Major Corrective: Main bearing,Meals & entertainment,,
,,,,Staff Aug/ Contingent workers (Labor),515220,Consultant - Staff Augmentation,XXXX25M003,Turbine O&M,Major Corrective: Main bearing,Consultant fees,,
,,,,Vehicle Rental,517105,Transportation - Auto Rental and Rental Car Fuel,XXXX25M003,Turbine O&M,Major Corrective: Main bearing,Travel,,
,,,,Vehicle Fuel,514501,Vehicle Fuel / Gas,XXXX25M003,Turbine O&M,Major Corrective: Main bearing,Motor vehicles,,
Transformer,,,,"Materials and components for complete exchanges; including sales tax; storage fees
*coding only used when item is issued out of inventory **see Inventory Items row for inventory coding/guidance",514407,Repairs & Maintenance - Transformer,XXXX25M005,Turbine O&M,Major Corrective: Transformer,Equipment Maintenance,,
,,,,"Repair of component, D&I reports, external contract labor and turnkey services",515109,Outside Services Equipment Maintenance,XXXX25M005,Turbine O&M,Major Corrective: Transformer,Outside Services,,
,,,,"3rd party engineering services (post-development arc flash testing, proposal reviews), large component RCA costs, inspections & reports (root cause analysis, bed crack)",515114,Outside Services Corps of Engineers,XXXX25M005,Turbine O&M,Major Corrective: Transformer,Outside Services,,
,,,,Refurbished Parts,514413,Repairs & Maintenance - Refurbished Parts,XXXX25M005,Turbine O&M,Major Corrective: Transformer,Equipment Maintenance,,
,,,,Crane and crane pads,514403,Maintenance equipment Rental CRANE,XXXX25M005,Turbine O&M,Major Corrective: Transformer,Equipment Maintenance,,
,,,,Freight,514130,Maintenance Material Freight Out Courier/Trucking,XXXX25M005,Turbine O&M,Major Corrective: Transformer,Equipment Maintenance,,
,,,,Labor (Deriva FTE),512101,Salaries and Wages - Regular Hours - Salaried,XXXX25M005,Turbine O&M,Major Corrective: Transformer,Salary & Wages,,
,,,,Travel - use applicable travel account to correspond with cost,517100,Transportation - Other,XXXX25M005,Turbine O&M,Major Corrective: Transformer,Travel,,
,,,,Per Diem,517112,Per Diem Allowance Travel Meals,XXXX25M005,Turbine O&M,Major Corrective: Transformer,Meals & entertainment,,
,,,,Staff Aug/ Contingent workers (Labor),515220,Consultant - Staff Augmentation,XXXX25M005,Turbine O&M,Major Corrective: Transformer,Consultant fees,,
,,,,Vehicle Rental,517105,Transportation - Auto Rental and Rental Car Fuel,XXXX25M005,Turbine O&M,Major Corrective: Transformer,Travel,,
,,,,Vehicle Fuel,514501,Vehicle Fuel / Gas,XXXX25M005,Turbine O&M,Major Corrective: Transformer,Motor vehicles,,
Blade Bearing Replacement,,,,"Materials and components for complete exchanges; including sales tax; storage fees
*coding only used when item is issued out of inventory **see Inventory Items row for inventory coding/guidance",514404,R&M Blades,XXXX25M006,Turbine O&M,Major Corrective: Blade Bearing,Equipment Maintenance,,
,,,,"Repair of component, D&I reports, external contract labor and turnkey services",515109,Outside Services Equipment Maintenance,XXXX25M006,Turbine O&M,Major Corrective: Blade Bearing,Outside Services,,
,,,,"3rd party engineering services (post-development arc flash testing, proposal reviews), large component RCA costs, inspections & reports (root cause analysis, bed crack)",515114,Outside Services Corps of Engineers,XXXX25M006,Turbine O&M,Major Corrective: Blade Bearing,Outside Services,,
,,,,Refurbished Parts,514413,Repairs & Maintenance - Refurbished Parts,XXXX25M006,Turbine O&M,Major Corrective: Blade Bearing,Equipment Maintenance,,
,,,,Crane and crane pads,514403,Maintenance equipment Rental CRANE,XXXX25M006,Turbine O&M,Major Corrective: Blade Bearing,Equipment Maintenance,,
,,,,Freight,514130,Maintenance Material Freight Out Courier/Trucking,XXXX25M006,Turbine O&M,Major Corrective: Blade Bearing,Equipment Maintenance,,
,,,,Labor (Deriva FTE),512101,Salaries and Wages - Regular Hours - Salaried,XXXX25M006,Turbine O&M,Major Corrective: Blade Bearing,Salary & Wages,,
,,,,Travel - use applicable travel account to correspond with cost,517100,Transportation - Other,XXXX25M006,Turbine O&M,Major Corrective: Blade Bearing,Travel,,
,,,,Per Diem,517112,Per Diem Allowance Travel Meals,XXXX25M006,Turbine O&M,Major Corrective: Blade Bearing,Meals & entertainment,,
,,,,Staff Aug/ Contingent workers (Labor),515220,Consultant - Staff Augmentation,XXXX25M006,Turbine O&M,Major Corrective: Blade Bearing,Consultant fees,,
,,,,Vehicle Rental,517105,Transportation - Auto Rental and Rental Car Fuel,XXXX25M006,Turbine O&M,Major Corrective: Blade Bearing,Travel,,
,,,,Vehicle Fuel,514501,Vehicle Fuel / Gas,XXXX25M006,Turbine O&M,Major Corrective: Blade Bearing,Motor vehicles,,
Pitch Bearing Replacement,,,,"Materials and components for complete exchanges; including sales tax; storage fees
*coding only used when item is issued out of inventory **see Inventory Items row for inventory coding/guidance",514405,Repairs & Maintenance - Pitch Bearings,XXXX25M007,Turbine O&M,Major Corrective: Blade Bearing,Equipment Maintenance,,
,,,,"Repair of component, D&I reports, external contract labor and turnkey services",515109,Outside Services Equipment Maintenance,XXXX25M007,Turbine O&M,Major Corrective: Blade Bearing,Outside Services,,
,,,,"3rd party engineering services (post-development arc flash testing, proposal reviews), large component RCA costs, inspections & reports (root cause analysis, bed crack)",515114,Outside Services Corps of Engineers,XXXX25M007,Turbine O&M,Major Corrective: Blade Bearing,Outside Services,,
,,,,Refurbished Parts,514413,Repairs & Maintenance - Refurbished Parts,XXXX25M007,Turbine O&M,Major Corrective: Blade Bearing,Equipment Maintenance,,
,,,,Crane and crane pads,514403,Maintenance equipment Rental CRANE,XXXX25M007,Turbine O&M,Major Corrective: Blade Bearing,Equipment Maintenance,,
,,,,Freight,514130,Maintenance Material Freight Out Courier/Trucking,XXXX25M007,Turbine O&M,Major Corrective: Blade Bearing,Equipment Maintenance,,
,,,,Labor (Deriva FTE),512101,Salaries and Wages - Regular Hours - Salaried,XXXX25M007,Turbine O&M,Major Corrective: Blade Bearing,Salary & Wages,,
,,,,Travel - use applicable travel account to correspond with cost,517100,Transportation - Other,XXXX25M007,Turbine O&M,Major Corrective: Blade Bearing,Travel,,
,,,,Per Diem,517112,Per Diem Allowance Travel Meals,XXXX25M007,Turbine O&M,Major Corrective: Blade Bearing,Meals & entertainment,,
,,,,Staff Aug/ Contingent workers (Labor),515220,Consultant - Staff Augmentation,XXXX25M007,Turbine O&M,Major Corrective: Blade Bearing,Consultant fees,,
,,,,Vehicle Rental,517105,Transportation - Auto Rental and Rental Car Fuel,XXXX25M007,Turbine O&M,Major Corrective: Blade Bearing,Travel,,
,,,,Vehicle Fuel,514501,Vehicle Fuel / Gas,XXXX25M007,Turbine O&M,Major Corrective: Blade Bearing,Motor vehicles,,
Blade Corrective,,,,,,,,,,,,
Blade failures & repairs,,69400,BLADES,"3rd Party Services
*Managed and arranged by the site - use site department
*Managed and arranged by the Blade Team - use department 8133",515109,Outside Services Equipment Maintenance,XXXX25M004,Turbine O&M,Blade Corrective,Outside Services,,
,,30000,,"Materials and components for complete repairs/replacements, including sales tax; storage fees
*coding only used when item is issued out of inventory **see Inventory Items row for inventory coding/guidance",514404,R&M Blades,XXXX25M004,Turbine O&M,Blade Corrective,Equipment Maintenance,,
,,33001,,Freight,514130,Maintenance Material Freight Out Courier/Trucking,XXXX25M004,Turbine O&M,Blade Corrective,Equipment Maintenance,,
,,,,Crane and crane pads,514403,Maintenance equipment Rental CRANE,XXXX25M004,Turbine O&M,Blade Corrective,Equipment Maintenance,,
,,,,Labor (Deriva FTE),512101,Salaries and Wages - Regular Hours - Salaried,XXXX25M004,Turbine O&M,Blade Corrective,Salary & Wages,,
,,,,Travel - use applicable travel account to correspond with cost,517100,Transportation - Other,XXXX25M004,Turbine O&M,Blade Corrective,Travel,,
,,,,Per Diem,517112,Per Diem Allowance Travel Meals,XXXX25M004,Turbine O&M,Blade Corrective,Meals & entertainment,,
,,,,Staff Aug/ Contingent workers (Labor),515220,Consultant - Staff Augmentation,XXXX25M004,Turbine O&M,Blade Corrective,Consultant fees,,
,,,,Vehicle Rental,517105,Transportation - Auto Rental and Rental Car Fuel,XXXX25M004,Turbine O&M,Blade Corrective,Travel,,
,,,,Vehicle Fuel,514501,Vehicle Fuel / Gas,XXXX25M004,Turbine O&M,Blade Corrective,Motor vehicles,,
Other ,,,,,,,,,,,,
Administrative Costs,0930940,35000,ADMIN,Issuance Fee  (APX vendor),515100,Outside Services Other,XXXX25G008,Other,APX,Outside Services,,
Community Involvement,0930940,1B418,COMSERV,Community Involvement,518102,Donations Charitable Registered,XXXX25G009,Other,Community Benefit,Donations,,
NERC PRC & MOD Testing,,,ENGSUPP,NERC PRC & MOD Testing,515114,Outside Services Corps of Engineers,XXXX25G010,Other,NERC Compliance,Outside Services,,
Environmental Fees & Permits,0500000,69700,ENVEXP,Wildlife and Natural Resources Conservation,515202,Consultant Environmental,XXXX25G011,Other,Environmental Compliance,Consultant fees,,
Environmental - Identiflight Agreement,0500000,69100,ENVEXP,Identiflight Agreement,515104,Outside Services Environmental,XXXX25G011,Other,Environmental Compliance,Outside Services,,
Janitorial Services & Supplies,,69400,JANITOR,Cleaning services & supplies,515113,Outside Services Janitorial,XXXX25G012,Other,Facilities,Outside Services,,
Contractor O&M Service,,69400,OPCLB,"Repairs to HVAC, electric, plumbing, roof, siding; fiber optic work/repairs",515100,Outside Services Other,XXXX25G012,Other,Facilities,Outside Services,,
O&M Building Rent,,60007,BLDGGRD,O&M building rent,513401,Long Term Lease Building/Office Space,XXXX25G012,Other,Facilities,Rent,,
Office Supplies,0510000,33000,OFFSUPP,"Includes paper, copier supplies/lease, bottled water, bulk water, ice, coffee, cups, plates, air conditioner filters",514200,Office Supplies - General,XXXX25G012,Other,Facilities,Office Services,,
"Fuel: Propane, Diesel & Gasoline",,,GAS,"O&M bldg heat, substation fuel for generators, diesel, gasoline, fuel for forklifts and other equipment",513302,Utilities - Heat Gas / Oil / Fuel,XXXX25G012,Other,Facilities,Premises Costs,,
Utility Expense,,66001,ELECEXP,Telephone/Internet ,513102,Telecom - Telephone,XXXX25G012,Other,Facilities,Communications (IT & Telecoms),,
Site Security,,69400,OPCLB,Security services,515100,Outside Services Other,XXXX25G017,Other,Site Security,Outside Services,,
Waste Management,,,RNWSEXP,"Dumpster/trash removal, hazardous waste, used oil, Safety-Kleen",515107,Outside Services Hazardous Waste Disposal,XXXX25G016,Other,Waste Management,Outside Services,,
Utility Expense,0500000,66000,ELECEXP,"Utility expenses for O&M building, substation, turbines (primarily electric expense)",513300,Utilities Office Electrical,XXXX25G014,Other,Light & Heat,Premises Costs,,
Utility Expense,,69700,ELECEXP,Site interconnect fees (also known as 'transmission' or 'facilities' on invoices),515101,Outside Services Electrical,XXXX25G015,Other,Interconnection Fees,Outside Services,,
BOP ,,,,,,,,,,,,
BOP Road & Infrastructure Maintenance,0510000,69400,BLDGGRD,"Roads, reclamation, gates, fences, grading, snow removal",515100,Outside Services Other,XXXX25B005,BoP,Civil BoP,Outside Services,,
Other BOP,,,MNTGEN,"Backup generator maintenance, crane repairs & inspection, alarm system equipment, exterminator (ants, bees)/pest control, weed control & spraying, tractor, snow plow, & lawn mower maintenance, septic cleaning, crop damage payments, NERC-CIP tower & facility locks, material costs related to lubrication excellence upgrade to build/upgrade the existing room",515100,Outside Services Other,XXXX25B005,BoP,Civil BoP,Outside Services,,
BOP Equipment Rental,,30000,LEASEXP,"Rental equip for switchgear replacement & annual outage, forklift & scissor lift rental, air monitors, JLG's, thumpers, excavators, specialty tool purchase, Industrial Scientific vendor invoices, crane to move Connex",514400,Maintenance equipment Rental,"XXXX25B001 (Corrective)
XXXX25B002 (Preventative)",BoP,Elec BoP,Equipment Maintenance,,
Preventative Maintenance and Scheduled Outages,0510000,30000,HVMTC,"Materials, parts and supplies needed to support Preventative Maintenance and Scheduled Outages; includes relays, general spare parts and rags",,,,,,,,
,,63000,,"Equipment Rentals to support Preventative Maintenance and Scheduled Outages (ex. manlifts, telehandlers, porta-potties); HV owns the costs for the following equipment rentals: generators for HV activities, test equipment, specialized equipment",,,,,,,,
Pad mount and Main Power Transformer Repairs (PLANNED work),,30000,PADMNT,"Materials, parts and supplies needed to support PM & MPT Repairs; includes pad mount transformers, switch gears, PMT's, MPT's, transformer oil, up tower transformer replacements",,,,,,,,
,,63000,,"Equipment Rentals to support PM & MPT Repairs (ex. manlifts, telehandlers, porta-potties); HV owns the costs for the following equipment rentals: generators for HV activities, test equipment, specialized equipment",,,,,,,,
NERC Testing and EEG Support,,63000,ENGSUPP,"Equipment Rentals to support the High Voltage designated activities at the left (ex. manlifts, telehandlers, porta-potties); HV owns the costs for the following equipment rentals: generators for HV activities, test equipment, specialized equipment",,,,,,,,
Corrective Maintenance & Unscheduled Outages,,,HGHVOLT,,,,,,,,,
T&D Corrective Maintenance,,63000,TDSYDMT,,,,,,,,,
T&D ,,69400,TDSYDMT,Locate fees for techs to locate underground cables before digging is done by another party,515100,Outside Services Other,"XXXX25B001 (Corrective)
XXXX25B002 (Preventative)",BoP,Elec BoP,Outside Services,,
BoP: Preventative Maintenance and Scheduled Outages,,,HVMTC,"Parts, materials, supplies (site department)",514100,Maintenance Material Other,XXXX25B002,BoP,Elec BoP,Equipment Maintenance,,
,,,,"3rd Party Services, Repairs (site department)",515109,Outside Services Equipment Maintenance,XXXX25B002,BoP,Elec BoP,Outside Services,,
,,,,Freight,514130,Maintenance Material Freight Out Courier/Trucking,XXXX25B002,BoP,Elec BoP,Equipment Maintenance,,
,,,,Crane,514403,Maintenance equipment Rental CRANE,XXXX25B002,BoP,Elec BoP,Equipment Maintenance,,
,,,,Labor (Deriva FTE),512101,Salaries and Wages - Regular Hours - Salaried,XXXX25B002,BoP,Elec BoP,Salary & Wages,,
,,,,Travel - use applicable travel account to correspond with cost,517100,Transportation - Other,XXXX25B002,BoP,Elec BoP,Travel,,
,,,,Per Diem,517112,Per Diem Allowance Travel Meals,XXXX25B002,BoP,Elec BoP,Meals & entertainment,,
,,,,Staff Aug/ Contingent workers (Labor),515220,Consultant - Staff Augmentation,XXXX25B002,BoP,Elec BoP,Consultant fees,,
,,,,Vehicle Rental,517105,Transportation - Auto Rental and Rental Car Fuel,XXXX25B002,BoP,Elec BoP,Travel,,
,,,,Vehicle Fuel,514501,Vehicle Fuel / Gas,XXXX25B002,BoP,Elec BoP,Motor vehicles,,
,,,,"Equipment Rentals to support Preventative Maintenance and Scheduled Outages (ex. manlifts, telehandlers, porta-potties); Equipment rental for generators for HV activities, test equipment, specialized equipment (site department)",514400,Maintenance equipment Rental,XXXX25B002,BoP,Elec BoP,Equipment Maintenance,,
,,,,"Contractor outage support arranged by HV team (equipment mobilization, Substation & T&D support)",515109,Outside Services Equipment Maintenance,XXXX25B002,BoP,Elec BoP,Outside Services,,
BoP: Corrective Maintenance and Unscheduled Outages,,,HGHVOLT,"Parts, materials, supplies (site department)",514100,Maintenance Material Other,XXXX25B001,BoP,Elec BoP,Equipment Maintenance,,
,,,,"3rd Party Services, Repairs (site department)",515109,Outside Services Equipment Maintenance,XXXX25B001,BoP,Elec BoP,Outside Services,,
,,,,Freight,514130,Maintenance Material Freight Out Courier/Trucking,XXXX25B001,BoP,Elec BoP,Equipment Maintenance,,
,,,,Crane,514403,Maintenance equipment Rental CRANE,XXXX25B001,BoP,Elec BoP,Equipment Maintenance,,
,,,,Labor (Deriva FTE),512101,Salaries and Wages - Regular Hours - Salaried,XXXX25B001,BoP,Elec BoP,Salary & Wages,,
,,,,Travel - use applicable travel account to correspond with cost,517100,Transportation - Other,XXXX25B001,BoP,Elec BoP,Travel,,
,,,,Per Diem,517112,Per Diem Allowance Travel Meals,XXXX25B001,BoP,Elec BoP,Meals & entertainment,,
,,,,Staff Aug/ Contingent workers (Labor),515220,Consultant - Staff Augmentation,XXXX25B001,BoP,Elec BoP,Consultant fees,,
,,,,Vehicle Rental,517105,Transportation - Auto Rental and Rental Car Fuel,XXXX25B001,BoP,Elec BoP,Travel,,
,,,,Vehicle Fuel,514501,Vehicle Fuel / Gas,XXXX25B001,BoP,Elec BoP,Motor vehicles,,
,,,,"Equipment Rentals to support Corrective Maintenance and Unscheduled Outages (ex. manlifts, telehandlers, porta-potties); Equipment rental for generators for HV activities, test equipment, specialized equipment (site department)",514400,Maintenance equipment Rental,XXXX25B001,BoP,Elec BoP,Equipment Maintenance,,
,,,,"Contractor outage support arranged by HV team (equipment mobilization, Substation & T&D support)",515109,Outside Services Equipment Maintenance,XXXX25B001,BoP,Elec BoP,Outside Services,,
"Met tower maintenance, fiber network repairs and switch replacements",0510000,69400,MTCEXP,"Includes met tower maintenance costs, fiber network repairs and switch replacements (including contractor and/or Duke internal Blade Repair Team)",515100,Outside Services Other,XXXX25B003,BoP,Met Mast/Met Station BoP,Outside Services,,
Inventory Items,0154100,21000,INVNT,"* Use the coding for items going into Maximo Inventory (i.e. the consumable box is NOT checked in Maximo)
  ** Accounting will code to the applicable project code once the inventory items are issued out of inventory 
","113150
*Dept and Location not needed in Basware",Other Inventory,,,,Inventory,,
,,,,,,,,,,,,
,,,,,,,,,,,,
,,,,,,,,,,,,
ACCOUNTING USE ONLY,,,,,,,,,,,,
"Land Lease, Easement and Royalties",0506000,60007,LEASE,Lease schedule - Asset Mgmt,516111,Variable Lease Payments,,,,Royalties,,
Property Insurance,0500000,71000,INSOOPS,,513502,Insurance - Property,,,,Insurance,,
Liability Insurance,,71002,,,513501,Insurance - Liability,,,,Insurance,,
Insurance - Other,,71005,,Mesquite Creek Only - Stewart Title,513501,Insurance - Liability,,,,Insurance,,
ARO Accretion,0411050,99810,,,815617, ARO Accretion,,,,Non-cash interest,,
Donation Agreements,0416330,1B418,DONATE,Cimarron & Ironwood (Freestate Financing),513719,Other Fees,,,,Other Fees & charges,,
PILOT Programs (Payment in Lieu of Taxes),0416330,69500,MISCAG,Specified in contracts,513719,Other Fees,,,,Other Fees & charges,,
Upwind Indemnity Fee,0500000,99810,,Maryneal,513204,Other Fees & charges,,,,Other Fees & charges,,
Bank Fees,0930200,34001,BANKFEE,Financed entities only,513600,Bank charges & fees,,,,Other Fees & charges,,
Letter of Credit Fees,0921200,34002,LOCFEES,,741111,Fees Expense on Letter of Credit,,,,Other Interest & Financing Fees (Not Debt Related)7410,,
Green E certification fee,,69500,ADMIN,Frontier II,513719,Other Fees,,,,Other Fees & charges,,
Broker Fees,0930940,69500,ADMIN,,513719,Other Fees,,,,Other Fees & charges,,
Participation Agreements,0506000,60007,ADMIN,Frontier II,513719,Other Fees,,,,Other Fees & charges,,
Audit Fees,0928029,60005,AUDIT,Financed entities only,515300,Audit - Financial Statements,,,,Audit Fees,,
Mgmt Svcs Agreement Fees,0930050,99810,MSAFEE,Associated with financed sites (services provided to manage financings); Symphony reporting requirements,507299,Intercompany - Management Fees - Administrative Services Fees,,,,Management Fees Purchases,,
Energy Management Fees,,69500,EMAFEE,"Frontier II, Maryneal, Mesteno",507199,Intercompany - Management Fees - Trading & Marketing Fees,,,,Management Fees Purchases,,
O&M Fee,0501002,99810,OPFEE,"O&M management fee associated with financed sites (Reliability group, REMC, Reg Mgrs)",507299,Intercompany - Management Fees - Administrative Services Fees,,,,Management Fees Purchases,,
Admin Services Fees,0416330,69500,UNCSUB6,Mesquite Only,513204,Other Fees & charges,,,,Other Fees & charges,,
"QSE, PSE and Settlement Fees",,,,,513204,Other Fees & charges,,,,Other Fees & charges,,
Other - Hedging Costs,,,,,513204,Other Fees & charges,,,,Other Fees & charges,,
Legal Fees,0928031,69700,CSLTLGL,,515210,Consultant Legal Services,,,,Consultant fees,,
Gearbox failure & repair,0510000,71005,GEARBOX,Insurance Claim Proceeds,513502,Insurance - Property,XXXX25M001,,,Insurance,,
Generator failure & repair,,,GENERAT,,513502,Insurance - Property,XXXX25M002,,,Insurance,,
Main bearing/shaft failure & repair,,,MAINBEA,,513502,Insurance - Property,XXXX25M003,,,Insurance,,
Blade failure & repair,,,BLADES,,513502,Insurance - Property,XXXX25M004,,,Insurance,,
Property Tax,0408121,91004,PROPTAX,Property Tax,516200,Municipal Taxes - Hydrology Variable,,,,Property Tax and EDZ,,
Sales Tax,0408191,90004,OTHTAX,Sales Tax,516401,Non-Recoverable Tax Expense on Project,,,,Other Tax Expense,,
Franchise Tax,0408120,90001,FRNTAX,Franchise Tax,516402,Franchise Tax Fee,,,,Other Tax Expense,,
Fixed Asset Depreciation,0403002,99899,,,821000,Depreciation Expense - General,,,,Depreciation of Power Generating Assets,,
ARO Depreciation,0403150,,,,821100,Depreciation of Asset Retirement Obligation,,,,Depreciation of Power Generating Assets,,
Amortization Expense,0406505,,,,822100,Amortization of Intangible Assets - General,,,,Amortization of Intangibles,,
Misc. Amortization,,,AMRTEXP,Amortization Expense,822100,Amortization of Intangible Assets - General,,,,Amortization of Intangibles,,
Other income (expense),0419240,99810,,,811600,Interest income on restricted cash,,,,Interest Income - External,,
Asset write-off,0421200,,DISPOSE,Disposal of Assets,815100,Loss / (Gain) on Disposal of Asset / Business,,,,Gain / Loss on Disposal,,
Interest Expense,0427523,94105,INTEXP,,712001,Interest expense - SB USD,,,,Interest expense - SB USD,,
SPP Claw back Litigation Interest Expense,0417103,99810,UNCSUB3,Cimarron II,815100,Loss / (Gain) on Disposal of Asset / Business,,,,Gain / Loss on Disposal,,
Amortization of Deferred Financing Costs,0428100,99899,AMRTLN,,712201,Amortization of Discount - SB USD,,,,Amortization of Discount - SB USD,,
